key,value,active
deposit,20,TRUE
cancellation_hours,48,TRUE
chair_rent_weekly,130,TRUE
consult_title,Free Hair Consultation,TRUE
consult_body,A free 15-minute texture and style assessment before any appointment - no obligation to book on the day.,TRUE
consult_cta,Book my consultation,TRUE
intro_text,"Your crown, in expert hands",TRUE
chat_greeting,"Hi! Tap a question below, or message us on WhatsApp and a real person will answer.",TRUE
stylist_note,"Prefer a particular stylist? Mention their name when you book. We will call you to confirm they are free, so please leave a time that suits you for a call back.",TRUE
